{"cameraMode":{"drawMode":0,"name":"Shaded","section":"Shading Mode"},"sceneLighting":true,"audioPlay":false,"sceneViewState":{"m_AlwaysRefresh":false,"showFog":true,"showSkybox":true,"showFlares":true,"showImageEffects":true,"showParticleSystems":true,"showVisualEffectGraphs":true,"m_FxEnabled":true},"in2DMode":false,"pivot":{"x":0.12705516815185548,"y":1.224639892578125,"z":-2.9463253021240236},"rotation":{"x":-0.15266582369804383,"y":0.024306127801537515,"z":-0.003753012279048562,"w":-0.9879871010780335},"size":5.241580009460449,"orthographic":false}